{
<<<<<<< HEAD
<<<<<<< HEAD
    "ekrhf": -593.1415992695182,
=======
    "ekrhf": -593.1415992695187,
>>>>>>> f0983ef5bf9ad467b05de206ad1aa900b1c074f6
=======
    "ekrhf": -593.1415992695182,
>>>>>>> cluster
    "convergence": true
}