{
<<<<<<< HEAD
<<<<<<< HEAD
    "ekrhf": -593.1332220828075,
=======
    "ekrhf": -593.1332220828072,
>>>>>>> f0983ef5bf9ad467b05de206ad1aa900b1c074f6
=======
    "ekrhf": -593.1332220828075,
>>>>>>> cluster
    "convergence": true
}