{
<<<<<<< HEAD
<<<<<<< HEAD
<<<<<<< HEAD
=======
>>>>>>> b0ebe15b9cb21f72d3133d30b88ad83ae944b1df
    "ekrmp2": -1.5510920308802978,
=======
    "ekrmp2": -1.5510919677923403,
>>>>>>> f0983ef5bf9ad467b05de206ad1aa900b1c074f6
<<<<<<< HEAD
=======
    "ekrmp2": -1.5510920308802978,
>>>>>>> cluster
=======
>>>>>>> b0ebe15b9cb21f72d3133d30b88ad83ae944b1df
    "converged": true
}