{
<<<<<<< HEAD
    "ekrmp2": -1.5510920308802978,
=======
    "ekrmp2": -1.5510919677923403,
>>>>>>> f0983ef5bf9ad467b05de206ad1aa900b1c074f6
    "converged": true
}