{
<<<<<<< HEAD
<<<<<<< HEAD
    "ekrmp2": -0.8797200271916565,
=======
    "ekrmp2": -0.8797197224538975,
>>>>>>> f0983ef5bf9ad467b05de206ad1aa900b1c074f6
=======
    "ekrmp2": -0.8797200271916565,
>>>>>>> cluster
    "converged": true
}