{
<<<<<<< HEAD
<<<<<<< HEAD
<<<<<<< HEAD
<<<<<<< HEAD
=======
>>>>>>> b0ebe15b9cb21f72d3133d30b88ad83ae944b1df
    "ekrmp2": -0.03127394679611494,
=======
    "ekrmp2": -0.031273951284713525,
>>>>>>> f0983ef5bf9ad467b05de206ad1aa900b1c074f6
<<<<<<< HEAD
=======
    "ekrmp2": -0.03127394679611494,
>>>>>>> cluster
=======
>>>>>>> b0ebe15b9cb21f72d3133d30b88ad83ae944b1df
=======
    "ekrmp2": -0.03127394679611494,
>>>>>>> cluster
    "converged": true
}