{
<<<<<<< HEAD
<<<<<<< HEAD
<<<<<<< HEAD
<<<<<<< HEAD
=======
>>>>>>> b0ebe15b9cb21f72d3133d30b88ad83ae944b1df
    "ekrmp2": -0.06219364195525955,
=======
    "ekrmp2": -0.0621936419221189,
>>>>>>> f0983ef5bf9ad467b05de206ad1aa900b1c074f6
<<<<<<< HEAD
=======
    "ekrmp2": -0.06219364195525955,
>>>>>>> cluster
=======
>>>>>>> b0ebe15b9cb21f72d3133d30b88ad83ae944b1df
=======
    "ekrmp2": -0.06219364195525955,
>>>>>>> cluster
    "converged": true
}