{
<<<<<<< HEAD
    "ekrmp2": -0.03588211957207949,
=======
    "ekrmp2": -0.03588211957127147,
>>>>>>> f0983ef5bf9ad467b05de206ad1aa900b1c074f6
    "converged": true
}