{
<<<<<<< HEAD
<<<<<<< HEAD
    "ekrmp2": -0.8526589109476407,
=======
    "ekrmp2": -0.8526589109476461,
>>>>>>> f0983ef5bf9ad467b05de206ad1aa900b1c074f6
=======
    "ekrmp2": -0.8526589109476407,
>>>>>>> cluster
    "converged": true
}