{
<<<<<<< HEAD
    "ekrhf": -582.7991866736592,
=======
    "ekrhf": -582.7991866736606,
>>>>>>> f0983ef5bf9ad467b05de206ad1aa900b1c074f6
    "convergence": true
}