{
<<<<<<< HEAD
<<<<<<< HEAD
<<<<<<< HEAD
<<<<<<< HEAD
=======
>>>>>>> b0ebe15b9cb21f72d3133d30b88ad83ae944b1df
    "ekrhf": -582.7991866736592,
=======
    "ekrhf": -582.7991866736606,
>>>>>>> f0983ef5bf9ad467b05de206ad1aa900b1c074f6
<<<<<<< HEAD
=======
    "ekrhf": -582.7991866736592,
>>>>>>> cluster
=======
>>>>>>> b0ebe15b9cb21f72d3133d30b88ad83ae944b1df
=======
    "ekrhf": -582.7991866736592,
>>>>>>> cluster
    "convergence": true
}