{
<<<<<<< HEAD
<<<<<<< HEAD
    "ekrhf": -582.7744846965544,
=======
    "ekrhf": -582.7744846965547,
>>>>>>> f0983ef5bf9ad467b05de206ad1aa900b1c074f6
=======
    "ekrhf": -582.7744846965544,
>>>>>>> cluster
    "convergence": true
}