{
<<<<<<< HEAD
    "ekrmp2": -0.03722668516872108,
=======
    "ekrmp2": -0.03722668516880271,
>>>>>>> f0983ef5bf9ad467b05de206ad1aa900b1c074f6
    "converged": true
}