{
<<<<<<< HEAD
<<<<<<< HEAD
    "ekrhf": -582.7744846965551,
=======
    "ekrhf": -582.7744846965543,
>>>>>>> f0983ef5bf9ad467b05de206ad1aa900b1c074f6
=======
    "ekrhf": -582.7744846965551,
>>>>>>> cluster
    "convergence": true
}