{
<<<<<<< HEAD
<<<<<<< HEAD
    "ekrhf": -582.7981861811401,
=======
    "ekrhf": -582.798186181139,
>>>>>>> f0983ef5bf9ad467b05de206ad1aa900b1c074f6
=======
    "ekrhf": -582.7981861811401,
>>>>>>> cluster
    "convergence": true
}