{
<<<<<<< HEAD
    "ekrmp2": -0.058296601674918035,
=======
    "ekrmp2": -0.05829662160840947,
>>>>>>> f0983ef5bf9ad467b05de206ad1aa900b1c074f6
    "converged": true
}