{
<<<<<<< HEAD
<<<<<<< HEAD
    "ekrmp2": -0.06219364195525955,
=======
    "ekrmp2": -0.0621936419221189,
>>>>>>> f0983ef5bf9ad467b05de206ad1aa900b1c074f6
=======
    "ekrmp2": -0.06219364195525955,
>>>>>>> cluster
    "converged": true
}